Platform,Preference
Hola,Seadan
Druber,Hatchback
Hola,MPV
Druber,Seadan
Druber,Seadan
Druber,Seadan
Druber,Hatchback
Druber,Hatchback
Druber,Hatchback
Hola,Hatchback
Hola,Hatchback
Druber,MPV
Druber,MPV
Druber,MPV
Druber,MPV
Druber,MPV
Druber,Hatchback
Hola,Hatchback
Hola,Hatchback
Hola,Hatchback
Hola,Hatchback
Hola,Hatchback
Hola,Hatchback
Hola,Hatchback
Hola,Hatchback
Druber,Hatchback
Druber,Hatchback
Druber,MPV
Hola,MPV
Druber,MPV
Druber,MPV
Druber,MPV
Druber,MPV
Druber,MPV
Druber,Hatchback
Druber,Hatchback
Druber,Hatchback
Druber,Hatchback
Druber,Hatchback
Druber,Seadan
Hola,Seadan
Hola,Seadan
Hola,Seadan
Hola,Seadan
Hola,Seadan
Hola,Seadan
Hola,Seadan
Hola,Seadan
Hola,Seadan
Druber,Hatchback
Hola,MPV
Druber,Seadan
Druber,Seadan
Druber,Seadan
Druber,Hatchback
Druber,Hatchback
Druber,Hatchback
Hola,Hatchback
Hola,Hatchback
Druber,MPV
Druber,MPV
Druber,MPV
Druber,MPV
Druber,MPV
Druber,Hatchback
Hola,Hatchback
Hola,Hatchback
Hola,Hatchback
Hola,Hatchback
Hola,Hatchback
Hola,Hatchback
Hola,Hatchback
Hola,Hatchback
Druber,Hatchback
Druber,Hatchback
Druber,MPV
Hola,MPV
Druber,MPV
Druber,MPV
Druber,MPV
Druber,MPV
Druber,MPV
Druber,Hatchback
Druber,Hatchback
Druber,Hatchback
Druber,Hatchback
Druber,Hatchback
Druber,Seadan
Hola,Seadan
Hola,Seadan
Hola,Seadan
Hola,Seadan
Hola,Seadan
Hola,Seadan
Hola,Seadan
Hola,Seadan
Hola,Seadan
Druber,Hatchback
Hola,MPV
Druber,Seadan
Druber,Seadan
Druber,Seadan
Druber,Hatchback
Druber,Hatchback
Druber,Hatchback
Hola,Hatchback
Hola,Hatchback
Druber,MPV
Druber,MPV
Druber,MPV
Druber,MPV
Druber,MPV
Druber,Hatchback
Hola,Hatchback
Hola,Hatchback
Hola,Hatchback
Hola,Hatchback
Hola,Hatchback
Hola,Hatchback
Hola,Hatchback
Hola,Hatchback
Druber,Hatchback
Druber,Hatchback
Druber,MPV
Hola,MPV
Druber,MPV
Druber,MPV
Druber,MPV
Druber,MPV
Druber,MPV
Druber,Hatchback
Druber,Hatchback
Druber,Hatchback
Druber,Hatchback
Druber,Hatchback
Druber,Seadan
Hola,Seadan
Hola,Seadan
Hola,Seadan
Hola,Seadan
Hola,Seadan
Hola,Seadan
Hola,Seadan
Hola,Seadan